0x0	0x00000000	()
0x0	0x00000000	fallback()
0x20	0x00000020	unlock_98ABD3()
0x4	0x00000004	matchTokenOrderByAdmin_MYmNxE()
0xf	0x0000000f	eldddhzr(uint256[])
0x40141e5	0x040141e5	WETH_ADDRESS()
0x542975c	0x0542975c	ADDRESSES_PROVIDER()
0x6dbf2fa0	0x6dbf2fa0	call(address,uint256,bytes)
0x920f5c84	0x920f5c84	executeOperation(address[],uint256[],uint256[],address,bytes)
0xb4dcfc77	0xb4dcfc77	LENDING_POOL()
0xe04b9d3a	0xe04b9d3a	flashloan(uint256,bytes)
0x11	0x00000011	nothingToSeeHere_04ikDO9()
0xffffffff	0xffffffff	LOCK8605463013()
0xab9c4b5d	0xab9c4b5d	flashLoan(address,address[],uint256[],uint256[],address,bytes,uint16)
0xa9059cbb	0xa9059cbb	transfer(address,uint256)
0x70a08231	0x70a08231	balanceOf(address)
0x2e1a7d4d	0x2e1a7d4d	withdraw(uint256)
0x4e487b71	0x4e487b71	Panic(uint256)
0x32	0x00000032	testMint_139E1071()
0xffffffffffffffffffffffffffffffffffffffffffffffffffffffffffffffff	0xffffffff	LOCK8605463013()
0xffffffffffffffffffffffffffffffffffffffffffffffffffffffffffffffe0	0xffffffff	LOCK8605463013()
0x8c379a000000000000000000000000000000000000000000000000000000000	0x08c379a0	Error(string)
0xab9c4b5d00000000000000000000000000000000000000000000000000000000	0xab9c4b5d	flashLoan(address,address[],uint256[],uint256[],address,bytes,uint16)
0x70a0823100000000000000000000000000000000000000000000000000000000	0x70a08231	balanceOf(address)
0x4e487b7100000000000000000000000000000000000000000000000000000000	0x4e487b71	Panic(uint256)
0xffffffffffffffff	0xffffffff	LOCK8605463013()
0xffffffffffffffffffffffffffffffffffffffff	0xffffffff	LOCK8605463013()
